epoch,layer,unit,label,score,category
0,layer4,222,grass,0.14966909721211077,object
0,layer4,420,grooved,0.11765038286593654,texture
0,layer4,225,zigzagged,0.11108985193868334,texture
0,layer4,134,water,0.10340733376088065,object
0,layer4,504,grid,0.09606240906840213,texture
0,layer4,511,water,0.09571505233311517,object
0,layer4,62,zigzagged,0.0954285383052142,texture
0,layer4,424,grooved,0.09501851572777499,texture
0,layer4,228,skyscraper-s,0.09317701844676043,scene
0,layer4,331,road,0.09174603499101432,object
0,layer4,457,grooved,0.0913936270873738,texture
0,layer4,123,wheel,0.08800958160511894,part
0,layer4,174,zigzagged,0.0869880514202324,texture
0,layer4,19,cracked,0.0828374049871069,texture
0,layer4,493,grid,0.08238735698471289,texture
0,layer4,198,grooved,0.08072122081834902,texture
0,layer4,124,grooved,0.08058153653603341,texture
0,layer4,375,highway-s,0.078258781059973,scene
0,layer4,74,grooved,0.07725077190732085,texture
0,layer4,372,highway-s,0.07650944878863558,scene
0,layer4,57,water,0.0764688415382073,object
0,layer4,152,grooved,0.07435159385660947,texture
0,layer4,77,grooved,0.07342157878362783,texture
0,layer4,427,water,0.07112964743593789,object
0,layer4,340,banded,0.07067277316399748,texture
0,layer4,489,grooved,0.07063720325474529,texture
0,layer4,196,water,0.06994347284249393,object
0,layer4,71,striped,0.06826361311792631,texture
0,layer4,415,grooved,0.06799333788919823,texture
0,layer4,47,grid,0.06791422543468263,texture
0,layer4,393,skyscraper-s,0.06608358138596328,scene
0,layer4,383,grooved,0.06592477917164925,texture
0,layer4,255,grooved,0.06585436995633043,texture
0,layer4,312,screen,0.06576131387942727,part
0,layer4,167,road,0.0657090052228962,object
0,layer4,373,wheel,0.06503914638449902,part
0,layer4,115,zigzagged,0.06496937377941199,texture
0,layer4,354,frilly,0.06456507437981453,texture
0,layer4,322,airplane,0.06448924701199663,object
0,layer4,164,grid,0.0637228943473597,texture
0,layer4,129,beach-s,0.06286028787784306,scene
0,layer4,477,wheel,0.062371938672274765,part
0,layer4,447,bed,0.06148051139664295,object
0,layer4,44,grooved,0.06069582887279478,texture
0,layer4,140,bed,0.06045251764115054,object
0,layer4,499,water,0.06029345772274435,object
0,layer4,266,grooved,0.06017271270410318,texture
0,layer4,334,highway-s,0.059979289213081204,scene
0,layer4,397,porous,0.059761943311204165,texture
0,layer4,287,wheel,0.059536744276975945,part
0,layer4,370,potholed,0.05933261146271138,texture
0,layer4,25,grooved,0.059049683937103456,texture
0,layer4,300,porous,0.059027062973457466,texture
0,layer4,374,water,0.05884188071460069,object
0,layer4,502,highway-s,0.05822465101044575,scene
0,layer4,186,highway-s,0.05816854373491283,scene
0,layer4,438,bathroom-s,0.05801347162415186,scene
0,layer4,24,airplane,0.0580002964223732,object
0,layer4,190,road,0.057333865338354585,object
0,layer4,214,meshed,0.05728034556144262,texture
0,layer4,205,grass,0.057192037563593055,object
0,layer4,320,skyscraper,0.05709741775481391,object
0,layer4,195,bed,0.05691999825218313,object
0,layer4,292,pleated,0.0563386729150454,texture
0,layer4,279,wheel,0.05622981915343818,part
0,layer4,179,gauzy,0.05605530768082181,texture
0,layer4,117,bed,0.05600011941076217,object
0,layer4,401,highway-s,0.0558890717899589,scene
0,layer4,3,zigzagged,0.05556488122745617,texture
0,layer4,125,grooved,0.05525861437666538,texture
0,layer4,278,gauzy,0.05492396106532839,texture
0,layer4,315,grid,0.054559884992063254,texture
0,layer4,362,sprinkled,0.05438428357831456,texture
0,layer4,398,highway-s,0.054125816870923146,scene
0,layer4,328,corridor-s,0.053775781849006825,scene
0,layer4,1,skyscraper,0.05376581441948812,object
0,layer4,50,water,0.05362227299748951,object
0,layer4,386,water,0.05355690221323512,object
0,layer4,199,corridor-s,0.05341619173261196,scene
0,layer4,470,highway-s,0.053368926641808,scene
0,layer4,182,marbled,0.0528661809659103,texture
0,layer4,55,lighthouse-s,0.05262904233481094,scene
0,layer4,327,bed,0.05259689880095681,object
0,layer4,246,pleated,0.05244173226963362,texture
0,layer4,439,pleated,0.05238383825706061,texture
0,layer4,142,highway-s,0.05191507378486323,scene
0,layer4,271,zigzagged,0.051911120089687984,texture
0,layer4,357,utility_room-s,0.05176391586924719,scene
0,layer4,161,screen,0.05165586869738502,part
0,layer4,371,water,0.051571736558163335,object
0,layer4,194,skyscraper-s,0.051261432274809275,scene
0,layer4,121,screen,0.05113911134134527,part
0,layer4,220,bathroom-s,0.050714647697859376,scene
0,layer4,169,waterfall-fan-s,0.050182963453652134,scene
0,layer4,204,water_tower-s,0.05016448986498451,scene
0,layer4,17,ball_pit-s,0.04978732136211711,scene
0,layer4,425,waterfall-fan-s,0.0497755958541139,scene
0,layer4,313,road,0.049494138637346474,object
0,layer4,5,corridor-s,0.04931382494669976,scene
0,layer4,358,grooved,0.04925599517033956,texture
0,layer4,490,bed,0.048907497446807995,object
0,layer4,410,grid,0.048893142750366464,texture
0,layer4,431,torso,0.04883158366828038,part
0,layer4,298,lacelike,0.04842239341395577,texture
0,layer4,112,corridor-s,0.04804826241657902,scene
0,layer4,338,potholed,0.04802890320333108,texture
0,layer4,87,pitted,0.04786217780759294,texture
0,layer4,138,frilly,0.047812663466504736,texture
0,layer4,223,honeycombed,0.04740499878864571,texture
0,layer4,180,road,0.047159874154286345,object
0,layer4,443,person,0.04714936972665393,object
0,layer4,395,lined,0.04676795241776832,texture
0,layer4,81,paisley,0.046744642924141586,texture
0,layer4,227,mountain,0.046692473215330224,object
0,layer4,304,grid,0.0466814901971834,texture
0,layer4,474,utility_room-s,0.046640639845981484,scene
0,layer4,262,wheel,0.0464746482129671,part
0,layer4,89,corridor-s,0.04645363852529692,scene
0,layer4,449,water,0.04600862740383151,object
0,layer4,75,water,0.04587766457733011,object
0,layer4,294,airplane,0.04584219885127486,object
0,layer4,178,road,0.04574313600009486,object
0,layer4,193,utility_room-s,0.0456326809034998,scene
0,layer4,251,mountain,0.04547069197255421,object
0,layer4,94,grooved,0.04534578146933973,texture
0,layer4,335,skyscraper-s,0.045263490989048735,scene
0,layer4,325,tower-s,0.04522286956343782,scene
0,layer4,394,dotted,0.044967276924348876,texture
0,layer4,20,grooved,0.04483219516578309,texture
0,layer4,244,bed,0.04472320713656803,object
0,layer4,402,skyscraper-s,0.04466744427284578,scene
0,layer4,419,beach-s,0.04438152927749978,scene
0,layer4,4,skyscraper-s,0.04431152370670428,scene
0,layer4,206,grooved,0.044189042739733675,texture
0,layer4,463,grid,0.044116649347039,texture
0,layer4,192,grooved,0.04395487673069769,texture
0,layer4,144,screen,0.04386564742143885,part
0,layer4,428,car,0.04380944827206506,object
0,layer4,445,lacelike,0.04376436784160723,texture
0,layer4,281,water,0.04369651530974394,object
0,layer4,467,sea,0.0433215794164374,object
0,layer4,209,paisley,0.04320429686882577,texture
0,layer4,272,torso,0.04296741932237094,part
0,layer4,434,bathroom-s,0.042880218362904746,scene
0,layer4,107,torso,0.042468235834899344,part
0,layer4,413,highway-s,0.04235375537818398,scene
0,layer4,139,grid,0.04233574629683409,texture
0,layer4,462,corridor-s,0.042308932385493526,scene
0,layer4,507,waterfall-fan-s,0.04220769682726204,scene
0,layer4,60,lighthouse-s,0.04220428089963939,scene
0,layer4,229,grooved,0.04219040168240696,texture
0,layer4,417,gauzy,0.042068312001076774,texture
0,layer4,411,marbled,0.042050020749197864,texture
0,layer4,376,sidewalk,0.042018098333351905,object
0,layer4,61,motorbike,0.04195732522444688,object
0,layer4,356,bed,0.04170395484727378,object
0,layer4,468,house,0.041692290416234,object
0,layer4,9,zigzagged,0.041546120516808,texture
0,layer4,261,bed,0.04143124388190998,object
0,layer4,45,gauzy,0.04134852901496,texture
0,layer4,299,road,0.04133633492747304,object
0,layer4,472,water,0.04133046581343809,object
0,layer4,69,grooved,0.04126028173170735,texture
0,layer4,303,water_tower-s,0.04124525128423848,scene
0,layer4,382,dotted,0.040929345794180276,texture
0,layer4,456,lighthouse-s,0.040469369705892044,scene
0,layer4,429,water,0.04045251288246467,object
0,layer4,486,lighthouse-s,0.040451851520105095,scene
0,layer4,432,wheel,0.04040239667892791,part
0,layer4,84,zigzagged,0.04037274547098285,texture
0,layer4,399,windmill-s,0.040326391445212856,scene
0,layer4,185,highway-s,0.04025355415204601,scene
0,layer4,130,highway-s,0.040222428976707546,scene
0,layer4,72,skyscraper-s,0.03982304059215025,scene
0,layer4,361,bathroom-s,0.039746091808790046,scene
0,layer4,2,road,0.03955157869457531,object
0,layer4,347,ball_pit-s,0.039329778348230135,scene
0,layer4,211,bird,0.039315563067741276,object
0,layer4,296,utility_room-s,0.03925040953510704,scene
0,layer4,311,water_tower-s,0.03918046152493465,scene
0,layer4,126,ball_pit-s,0.039108576813573395,scene
0,layer4,37,bathroom-s,0.039088352730379666,scene
0,layer4,147,matted,0.03889401116052597,texture
0,layer4,248,lighthouse-s,0.038654200034623595,scene
0,layer4,282,gauzy,0.038158956807615406,texture
0,layer4,498,zigzagged,0.03810758586966754,texture
0,layer4,235,muzzle,0.03799832814524264,part
0,layer4,189,tower-s,0.037953565399429116,scene
0,layer4,367,lake-natural-s,0.0379454917390656,scene
0,layer4,283,dotted,0.03785475716098231,texture
0,layer4,253,pleated,0.03772770942344286,texture
0,layer4,466,dotted,0.03765870906719219,texture
0,layer4,265,potholed,0.037527079084946555,texture
0,layer4,478,potholed,0.03746192078311017,texture
0,layer4,102,screen,0.03726504070072483,part
0,layer4,157,airplane,0.03723589620323793,object
0,layer4,104,airplane,0.037199008051108914,object
0,layer4,324,utility_room-s,0.03715547954440096,scene
0,layer4,156,spiralled,0.03712400534462255,texture
0,layer4,455,gauzy,0.03711058015097027,texture
0,layer4,249,waterfall-fan-s,0.03705193378105136,scene
0,layer4,275,waterfall-fan-s,0.03693850451737458,scene
0,layer4,243,airplane,0.03692334334982794,object
0,layer4,221,corridor-s,0.036891652524546896,scene
0,layer4,270,spiralled,0.03661510460521425,texture
0,layer4,207,bathroom-s,0.036603220521308676,scene
0,layer4,53,jacuzzi-indoor-s,0.036331667226425904,scene
0,layer4,392,highway-s,0.03624645191855402,scene
0,layer4,51,lacelike,0.03601479532549581,texture
0,layer4,307,water_tower-s,0.036012608183253865,scene
0,layer4,100,utility_room-s,0.03595292925381373,scene
0,layer4,33,airplane,0.0359257102688417,object
0,layer4,149,honeycombed,0.035849675665849366,texture
0,layer4,510,waterfall-fan-s,0.03581580288746714,scene
0,layer4,6,torso,0.035727307845781195,part
0,layer4,391,water,0.03568903565356085,object
0,layer4,451,highway-s,0.03567068165962162,scene
0,layer4,8,water,0.035470985179711326,object
0,layer4,280,screen,0.035329258925981745,part
0,layer4,503,grooved,0.03526999871550958,texture
0,layer4,99,swirly,0.035247020320312905,texture
0,layer4,11,grooved,0.03523114063875047,texture
0,layer4,284,road,0.03518707961373561,object
0,layer4,332,woven,0.03517152049308548,texture
0,layer4,250,road,0.0349826458329931,object
0,layer4,318,gauzy,0.034935998703952496,texture
0,layer4,36,bed,0.034849651868920556,object
0,layer4,158,wheel,0.03468920667519607,part
0,layer4,83,corridor-s,0.03467734571910463,scene
0,layer4,405,bathroom-s,0.034606916595312065,scene
0,layer4,68,beach-s,0.0345862963311955,scene
0,layer4,216,highway-s,0.03454011679640522,scene
0,layer4,342,highway-s,0.03448989208019161,scene
0,layer4,18,frilly,0.03444533883214303,texture
0,layer4,422,corridor-s,0.03443237245713928,scene
0,layer4,202,swimming_pool-outdoor-s,0.03422176146724176,scene
0,layer4,168,airplane,0.03403575477026127,object
0,layer4,234,dotted,0.0340215368074651,texture
0,layer4,285,grooved,0.03398042248263089,texture
0,layer4,177,highway-s,0.033853390355497164,scene
0,layer4,421,waterfall-fan-s,0.03384843475037852,scene
0,layer4,336,airplane,0.03376010039386134,object
0,layer4,267,road,0.033668862859518076,object
0,layer4,154,bed,0.03365676439406212,object
0,layer4,297,bed,0.03364658329077004,object
0,layer4,461,marbled,0.03361488953676955,texture
0,layer4,323,bathroom-s,0.03351467139672775,scene
0,layer4,183,highway-s,0.033405934333682434,scene
0,layer4,98,building,0.03340245159664613,object
0,layer4,366,highway-s,0.03334786038126044,scene
0,layer4,260,potholed,0.03329352947779407,texture
0,layer4,240,airplane,0.03325643070941067,object
0,layer4,200,street-s,0.03321527072669409,scene
0,layer4,93,airplane,0.03320023867337571,object
0,layer4,137,potholed,0.03312783565995251,texture
0,layer4,118,water,0.03300026385825925,object
0,layer4,343,corridor-s,0.03296463863790895,scene
0,layer4,436,lighthouse-s,0.03294235488264459,scene
0,layer4,254,airplane,0.0328964335571605,object
0,layer4,301,skyscraper-s,0.032876229016345904,scene
0,layer4,291,swirly,0.03287170585045451,texture
0,layer4,151,dotted,0.03284819109865772,texture
0,layer4,379,highway-s,0.03284717328573433,scene
0,layer4,384,highway-s,0.03280013804565131,scene
0,layer4,459,corridor-s,0.03272916605638874,scene
0,layer4,136,dog,0.03271418164704105,object
0,layer4,108,potholed,0.032711098376759125,texture
0,layer4,377,water,0.032686131419435376,object
0,layer4,365,headboard,0.03257246978211041,part
0,layer4,213,corridor-s,0.03244617488523528,scene
0,layer4,385,street-s,0.032364885588089684,scene
0,layer4,155,grooved,0.03214102051311354,texture
0,layer4,218,road,0.032090374962537055,object
0,layer4,346,bathroom-s,0.03208120083065156,scene
0,layer4,276,corridor-s,0.031989929648324436,scene
0,layer4,508,airplane,0.031980652163913145,object
0,layer4,286,torso,0.03197268416634526,part
0,layer4,464,head,0.031924303202076044,part
0,layer4,135,frilly,0.031902515209001114,texture
0,layer4,232,airplane,0.031888250059228955,object
0,layer4,217,water,0.03187619383017331,object
0,layer4,509,bed,0.03185941315648049,object
0,layer4,352,gauzy,0.031856801473070046,texture
0,layer4,364,lighthouse-s,0.03185385807506477,scene
0,layer4,73,polka-dotted,0.03171480816804757,texture
0,layer4,317,spiralled,0.03169854175852887,texture
0,layer4,345,woven,0.03166185639777321,texture
0,layer4,27,freckled,0.031648751214404594,texture
0,layer4,21,screen,0.031478448327773294,part
0,layer4,446,wheel,0.03145154010953282,part
0,layer4,187,road,0.03140819180063033,object
0,layer4,201,airplane,0.03126915014669721,object
0,layer4,241,torso,0.031150880980172282,part
0,layer4,500,dog,0.03096161316908286,object
0,layer4,316,zigzagged,0.03079811369307435,texture
0,layer4,65,swimming_pool-outdoor-s,0.03070359822725301,scene
0,layer4,52,skyscraper-s,0.03069038931119318,scene
0,layer4,14,jacuzzi-indoor-s,0.030686001244686907,scene
0,layer4,159,paisley,0.03045468181368952,texture
0,layer4,132,airplane,0.03040243561143456,object
0,layer4,116,pleated,0.03038306716699959,texture
0,layer4,231,airplane,0.0303036999756196,object
0,layer4,452,grooved,0.030298422721437308,texture
0,layer4,181,woven,0.03028669256265147,texture
0,layer4,109,bird,0.030283836627765886,object
0,layer4,390,street-s,0.030278025459747736,scene
0,layer4,388,airplane,0.030183520961169896,object
0,layer4,454,water_tower-s,0.030175128319753573,scene
0,layer4,441,screen,0.030039867749693923,part
0,layer4,23,waterfall-fan-s,0.03001865988820453,scene
0,layer4,310,torso,0.03001027259715393,part
0,layer4,348,highway-s,0.029996817266359818,scene
0,layer4,32,grooved,0.02995751751056568,texture
0,layer4,450,waterfall-fan-s,0.029902558290386273,scene
0,layer4,264,motorbike,0.029880227262645623,object
0,layer4,418,bathtub,0.029857620911287956,object
0,layer4,226,sea,0.029854353529564576,object
0,layer4,188,tower-s,0.029841148491738457,scene
0,layer4,403,utility_room-s,0.029837666534752717,scene
0,layer4,448,tower-s,0.029767068871608446,scene
0,layer4,435,bed,0.029654889456523635,object
0,layer4,269,head,0.02964179828876432,part
0,layer4,480,ceiling,0.029631776556157886,object
0,layer4,277,screen,0.029574106157212617,part
0,layer4,483,bird,0.029567187963395237,object
0,layer4,460,skyscraper,0.029493636008049003,object
0,layer4,97,headboard,0.029461538655159714,part
0,layer4,426,highway-s,0.02930613097517669,scene
0,layer4,308,meshed,0.02919569986092613,texture
0,layer4,191,laundromat-s,0.02919268783346453,scene
0,layer4,302,cracked,0.02911296223335397,texture
0,layer4,106,chequered,0.029112587684198728,texture
0,layer4,495,head,0.0291058040747082,part
0,layer4,92,dog,0.028996150669697244,object
0,layer4,224,grooved,0.028780453881146185,texture
0,layer4,339,sink,0.028754157559631285,object
0,layer4,40,water,0.028733199829324842,object
0,layer4,39,sprinkled,0.028732740615272503,texture
0,layer4,22,roof,0.028643661304859232,part
0,layer4,259,tower-s,0.028641623016688444,scene
0,layer4,238,bus,0.02853978351933761,object
0,layer4,153,airplane,0.02844748603489284,object
0,layer4,48,bed,0.02844254045662051,object
0,layer4,245,water_tower-s,0.028392766604698326,scene
0,layer4,143,woven,0.0283377781133228,texture
0,layer4,485,bed,0.028214548126377664,object
0,layer4,79,airplane,0.02814480801054788,object
0,layer4,481,water,0.028093302828100346,object
0,layer4,42,bird,0.028016948722578452,object
0,layer4,101,stairway,0.027913209955328654,object
0,layer4,150,street-s,0.027895762011528224,scene
0,layer4,359,lighthouse-s,0.027877263071682826,scene
0,layer4,170,knitted,0.0278609797073257,texture
0,layer4,469,torso,0.02785150087687661,part
0,layer4,31,corridor-s,0.027805037618580306,scene
0,layer4,494,torso,0.027719033543988095,part
0,layer4,184,skyscraper-s,0.027692074715071572,scene
0,layer4,471,house,0.027629950189365232,object
0,layer4,171,lighthouse-s,0.02752679684689562,scene
0,layer4,329,lighthouse-s,0.027339351611991122,scene
0,layer4,237,bird,0.027308188625582795,object
0,layer4,319,dog,0.02720597309874175,object
0,layer4,479,airplane,0.027189586538210426,object
0,layer4,29,airplane,0.027078480688644106,object
0,layer4,444,water_tower-s,0.027074345258701445,scene
0,layer4,91,corridor-s,0.027037202409530576,scene
0,layer4,80,grooved,0.026960683349018588,texture
0,layer4,416,screen,0.026929058679823654,part
0,layer4,176,bed,0.026857047278350366,object
0,layer4,10,water_tower-s,0.026830500259852497,scene
0,layer4,380,bed,0.026828011706031645,object
0,layer4,475,torso,0.026809395392407016,part
0,layer4,146,corridor-s,0.026780251111247426,scene
0,layer4,30,corridor-s,0.026775385114976354,scene
0,layer4,15,airplane,0.026766482260293444,object
0,layer4,326,bird,0.026691387695185725,object
0,layer4,78,waterfall-fan-s,0.02653418032767009,scene
0,layer4,512,sink,0.02635889616711599,object
0,layer4,160,screen,0.026348504039731213,part
0,layer4,247,airplane,0.026206248985946513,object
0,layer4,290,wheel,0.02614901408167726,part
0,layer4,34,airplane,0.0260982974577113,object
0,layer4,440,frilly,0.02597590765703363,texture
0,layer4,114,screen,0.025931841277110304,part
0,layer4,321,paisley,0.025791244425762416,texture
0,layer4,7,building,0.025787935229407005,object
0,layer4,122,screen,0.025765934672554933,part
0,layer4,293,washer,0.02572988626610327,object
0,layer4,49,potholed,0.02570774975899432,texture
0,layer4,368,gauzy,0.025627271925565638,texture
0,layer4,258,waffled,0.025577350998648107,texture
0,layer4,166,pleated,0.0254844327513116,texture
0,layer4,38,painting,0.0254419413817449,object
0,layer4,423,waterfall-fan-s,0.02538524090900528,scene
0,layer4,306,grooved,0.025366017654125102,texture
0,layer4,387,wheel,0.02535346657588016,part
0,layer4,70,horse,0.02532826129888396,object
0,layer4,208,bed,0.025309252884596466,object
0,layer4,252,swirly,0.025279603380575246,texture
0,layer4,41,bed,0.025034310709944524,object
0,layer4,363,building_facade-s,0.025033840495207686,scene
0,layer4,230,lighthouse-s,0.025033817403896003,scene
0,layer4,396,airplane,0.024941009931422276,object
0,layer4,350,motorbike,0.024871776199633853,object
0,layer4,496,torso,0.02486954237007662,part
0,layer4,119,tower-s,0.02486609823666432,scene
0,layer4,128,bed,0.024807588541596155,object
0,layer4,76,corridor-s,0.02478158864627753,scene
0,layer4,236,freckled,0.024679159021923955,texture
0,layer4,360,water_tower-s,0.024658044683196448,scene
0,layer4,242,lighthouse-s,0.024426766546972185,scene
0,layer4,203,pasture-s,0.024272448499467282,scene
0,layer4,13,road,0.024202063478172636,object
0,layer4,369,bathroom-s,0.024118052971173004,scene
0,layer4,172,grooved,0.02410461380578993,texture
0,layer4,233,cracked,0.02409059960672344,texture
0,layer4,163,bird,0.024048173254927585,object
0,layer4,437,pleated,0.024026843945707095,texture
0,layer4,409,airplane,0.024019351722311424,object
0,layer4,165,skyscraper-s,0.023959985471447547,scene
0,layer4,88,blotchy,0.023907866558875793,texture
0,layer4,12,cat,0.023799372664744703,object
0,layer4,110,corridor-s,0.023796479088226314,scene
0,layer4,59,wheel,0.023715437630319476,part
0,layer4,430,corridor-s,0.023704603187223477,scene
0,layer4,337,lighthouse-s,0.02364672959502141,scene
0,layer4,506,coast-s,0.023639968800804413,scene
0,layer4,484,lighthouse-s,0.023564757887746805,scene
0,layer4,127,headboard,0.023471147002484045,part
0,layer4,268,grooved,0.02327971169740391,texture
0,layer4,355,head,0.023270271586015582,part
0,layer4,66,water,0.023186612471506024,object
0,layer4,295,nursery-s,0.023147012555475972,scene
0,layer4,305,wheel,0.023110034963581116,part
0,layer4,476,person,0.023018922322078802,object
0,layer4,85,freckled,0.02297189695550351,texture
0,layer4,162,highway-s,0.022967287810754685,scene
0,layer4,131,body,0.02283900015965183,part
0,layer4,103,waterfall-fan-s,0.0226758062883746,scene
0,layer4,378,road,0.02264773752393126,object
0,layer4,400,swirly,0.022599173305708542,texture
0,layer4,341,airplane,0.02250598404688598,object
0,layer4,215,airplane,0.022448452129858503,object
0,layer4,289,dotted,0.0224097673574123,texture
0,layer4,491,frilly,0.022332092072450786,texture
0,layer4,389,gazebo-exterior-s,0.022200370340047414,scene
0,layer4,274,screen,0.022039818768960124,part
0,layer4,90,water,0.021770442942255535,object
0,layer4,145,bus,0.021674778170163517,object
0,layer4,141,door,0.021513280358464205,object
0,layer4,288,corridor-s,0.021502366306509806,scene
0,layer4,344,coast-s,0.021439573923713547,scene
0,layer4,501,wheel,0.02138763104239086,part
0,layer4,26,tower-s,0.02135195904633187,scene
0,layer4,351,torso,0.021251838546359533,part
0,layer4,28,jacuzzi-indoor-s,0.021091350763341066,scene
0,layer4,58,bed,0.02108718585972338,object
0,layer4,349,sprinkled,0.021052807288266365,texture
0,layer4,465,bathroom-s,0.020807751851362844,scene
0,layer4,433,body,0.020799984692564766,part
0,layer4,16,tower-s,0.02079864728705523,scene
0,layer4,197,cracked,0.020745741500523645,texture
0,layer4,63,mountain-s,0.02043798579916444,scene
0,layer4,505,water,0.020271678733999494,object
0,layer4,353,house,0.020209160096750427,object
0,layer4,263,water_tower-s,0.02012152993355175,scene
0,layer4,82,floor,0.019945195126337932,object
0,layer4,453,polka-dotted,0.019939210574013915,texture
0,layer4,497,corridor-s,0.01991518558284528,scene
0,layer4,442,airplane,0.019789515728149784,object
0,layer4,95,paisley,0.019741607387568434,texture
0,layer4,175,water_tower-s,0.019413803673005294,scene
0,layer4,257,corridor-s,0.01918366338981682,scene
0,layer4,239,car_interior-backseat-s,0.019059779839417243,scene
0,layer4,488,highway-s,0.01893496814138862,scene
0,layer4,330,escalator-outdoor-s,0.018849673989232894,scene
0,layer4,210,lake-natural-s,0.018737450012598293,scene
0,layer4,113,sea,0.018690686487929802,object
0,layer4,381,bathroom-s,0.01859331447530155,scene
0,layer4,67,crosshatched,0.018520835354654656,texture
0,layer4,173,zigzagged,0.018492856648279363,texture
0,layer4,120,arch-s,0.01847254017840492,scene
0,layer4,406,body,0.018333055731672505,part
0,layer4,133,bed,0.018172802248700815,object
0,layer4,412,castle-s,0.018133249379191873,scene
0,layer4,408,cobwebbed,0.01806612027765337,texture
0,layer4,314,gauzy,0.018058622123343762,texture
0,layer4,487,airplane,0.017669097249471973,object
0,layer4,56,cubicle-office-s,0.017515574672307955,scene
0,layer4,54,zigzagged,0.01741452240314218,texture
0,layer4,212,road,0.01730413081307184,object
0,layer4,35,car,0.01729748373397527,object
0,layer4,273,dotted,0.017105146816497465,texture
0,layer4,473,door,0.01710097906780971,object
0,layer4,309,dotted,0.017098200008200417,texture
0,layer4,407,building_facade-s,0.016926600273807747,scene
0,layer4,111,airplane,0.01687518133549017,object
0,layer4,482,sky,0.01675753951699078,object
0,layer4,96,bed,0.016578503720005248,object
0,layer4,46,cracked,0.016284286202789985,texture
0,layer4,404,head,0.015616617429542309,part
0,layer4,414,toilet,0.015514538038640628,object
0,layer4,148,crevasse-s,0.014992041130755281,scene
0,layer4,43,leg,0.014839901273649503,part
0,layer4,219,water_tower-s,0.01456354056763787,scene
0,layer4,64,torso,0.014526130568440316,part
0,layer4,86,fountain-s,0.013958531538012051,scene
0,layer4,333,wrestling_ring-indoor-s,0.01352158858655376,scene
0,layer4,256,bird,0.013034937269009205,object
0,layer4,105,airplane,0.01239318189177335,object
0,layer4,458,lake-natural-s,0.011083016438701628,scene
0,layer4,492,fire_escape-s,0.01047009964799096,scene
1,layer4,300,perforated,0.11424626103027068,texture
1,layer4,17,dotted,0.11075086772023837,texture
1,layer4,361,perforated,0.10794914587812524,texture
1,layer4,138,dotted,0.10366034062600926,texture
1,layer4,266,gauzy,0.09810964680278017,texture
1,layer4,318,gauzy,0.09404931134160857,texture
1,layer4,489,gauzy,0.09322627143438207,texture
1,layer4,88,cracked,0.0900566653115408,texture
1,layer4,297,gauzy,0.08911665262319508,texture
1,layer4,320,gauzy,0.08643940346964435,texture
1,layer4,234,ball_pit-s,0.08555770585664724,scene
1,layer4,222,grass,0.084692290208139,object
1,layer4,250,porous,0.08435438434106685,texture
1,layer4,394,cracked,0.08338305045560392,texture
1,layer4,27,perforated,0.08183012312064249,texture
1,layer4,174,perforated,0.08182422725164852,texture
1,layer4,99,dotted,0.07946868920529018,texture
1,layer4,79,dotted,0.07767679307065328,texture
1,layer4,58,lacelike,0.07655580307216134,texture
1,layer4,163,perforated,0.0759402032558513,texture
1,layer4,315,flecked,0.0701093515990632,texture
1,layer4,461,pitted,0.06879547490214843,texture
1,layer4,112,corridor-s,0.06864129962284772,scene
1,layer4,53,dotted,0.06791329134078429,texture
1,layer4,205,grass,0.06781255937531244,object
1,layer4,445,lacelike,0.06735128761381226,texture
1,layer4,338,dotted,0.0671607415774477,texture
1,layer4,282,marbled,0.0669920069482365,texture
1,layer4,323,polka-dotted,0.06685750510829834,texture
1,layer4,184,polka-dotted,0.06629415655600834,texture
1,layer4,327,bed,0.06602005522263689,object
1,layer4,38,perforated,0.06575955989364887,texture
1,layer4,420,grooved,0.06485570999231605,texture
1,layer4,362,dotted,0.06480507427313464,texture
1,layer4,164,gauzy,0.06471884569586968,texture
1,layer4,360,perforated,0.06451602198700071,texture
1,layer4,229,banded,0.06339086179797561,texture
1,layer4,22,forest-broadleaf-s,0.063335320552878,scene
1,layer4,137,lacelike,0.0632531315262465,texture
1,layer4,141,grooved,0.06315595307217134,texture
1,layer4,371,highway-s,0.06286392383671999,scene
1,layer4,317,perforated,0.06260642830447936,texture
1,layer4,21,dotted,0.06247376663866828,texture
1,layer4,77,perforated,0.062278291001695255,texture
1,layer4,104,sprinkled,0.06198323982410598,texture
1,layer4,96,perforated,0.06196878033691496,texture
1,layer4,192,ball_pit-s,0.061934936663736985,scene
1,layer4,319,pitted,0.0614990840209745,texture
1,layer4,235,sprinkled,0.06138205453210962,texture
1,layer4,93,lined,0.06091114989961392,texture
1,layer4,84,gauzy,0.06010643856441425,texture
1,layer4,417,gauzy,0.06010267094657487,texture
1,layer4,134,water,0.06004833823888189,object
1,layer4,215,dotted,0.0598729973963298,texture
1,layer4,140,bed,0.059696715677373405,object
1,layer4,496,dotted,0.05871251139910348,texture
1,layer4,173,dotted,0.05774753897042803,texture
1,layer4,118,perforated,0.057718627394056025,texture
1,layer4,60,gauzy,0.057375866906676204,texture
1,layer4,47,lined,0.05731096994520731,texture
1,layer4,415,grooved,0.057082387470897715,texture
1,layer4,120,perforated,0.05696820356609119,texture
1,layer4,424,perforated,0.05648766542622668,texture
1,layer4,388,banded,0.05466179460898435,texture
1,layer4,504,lined,0.05448709164248646,texture
1,layer4,410,lined,0.05427313185489687,texture
1,layer4,511,water,0.05405359037659063,object
1,layer4,328,corridor-s,0.054046102043309834,scene
1,layer4,94,veined,0.053785337900197,texture
1,layer4,389,flecked,0.05366119866015022,texture
1,layer4,438,toilet,0.053645029202888335,object
1,layer4,18,dotted,0.053565801196688585,texture
1,layer4,439,veined,0.05336311865964469,texture
1,layer4,331,road,0.05316332860374164,object
1,layer4,387,zigzagged,0.053144388473345884,texture
1,layer4,198,lined,0.052827361309166355,texture
1,layer4,493,lined,0.05278243743062577,texture
1,layer4,74,grooved,0.05249187733243164,texture
1,layer4,356,paisley,0.052376772122792306,texture
1,layer4,130,highway-s,0.05237022638664898,scene
1,layer4,213,corridor-s,0.05206535121285728,scene
1,layer4,347,sprinkled,0.05175264202587652,texture
1,layer4,182,marbled,0.05161571591286969,texture
1,layer4,467,marbled,0.05123264730509894,texture
1,layer4,44,grooved,0.05120168319987103,texture
1,layer4,476,sprinkled,0.05115831677962747,texture
1,layer4,372,lined,0.050985655348117456,texture
1,layer4,169,gauzy,0.05090716804583291,texture
1,layer4,309,dotted,0.05044449373744746,texture
1,layer4,422,corridor-s,0.05042130500399249,scene
1,layer4,477,lined,0.05038476964586215,texture
1,layer4,256,cracked,0.05031160075702013,texture
1,layer4,45,gauzy,0.05029872936592149,texture
1,layer4,179,gauzy,0.05004786930618423,texture
1,layer4,298,blotchy,0.049477048129415724,texture
1,layer4,464,chequered,0.04910036981487598,texture
1,layer4,397,porous,0.04908620726532361,texture
1,layer4,291,swirly,0.04900006843189492,texture
1,layer4,367,cracked,0.048734957520368896,texture
1,layer4,427,water,0.048584923187060314,object
1,layer4,302,cracked,0.048385480192622905,texture
1,layer4,303,gauzy,0.04794921370462955,texture
1,layer4,6,bed,0.047719085601893696,object
1,layer4,167,dotted,0.047398696293257825,texture
1,layer4,81,lacelike,0.04736317399165273,texture
1,layer4,480,zigzagged,0.047307686007081524,texture
1,layer4,25,grooved,0.04687574963466453,texture
1,layer4,61,swirly,0.04680602256525276,texture
1,layer4,413,grid,0.046699678635579014,texture
1,layer4,252,lacelike,0.04631662065928924,texture
1,layer4,46,cracked,0.04626905028413983,texture
1,layer4,475,lacelike,0.04574435060214179,texture
1,layer4,183,highway-s,0.04564032991110722,scene
1,layer4,381,porous,0.045109890313075,texture
1,layer4,258,perforated,0.04499166357024707,texture
1,layer4,368,knitted,0.044966957073421854,texture
1,layer4,462,corridor-s,0.044712222448532665,scene
1,layer4,276,corridor-s,0.04436537520081618,scene
1,layer4,225,meshed,0.04425607759070289,texture
1,layer4,469,gauzy,0.04401370670079361,texture
1,layer4,447,bed,0.04400458693949719,object
1,layer4,35,grid,0.043964180228672406,texture
1,layer4,261,bed,0.04355628464595019,object
1,layer4,168,house,0.04351611187970975,object
1,layer4,186,grooved,0.04336380556056803,texture
1,layer4,499,perforated,0.04336314349664263,texture
1,layer4,28,grid,0.04324814048576216,texture
1,layer4,37,zigzagged,0.043167794705957045,texture
1,layer4,233,knitted,0.0431027979068877,texture
1,layer4,284,marbled,0.043069945110784345,texture
1,layer4,15,sprinkled,0.043006260007409695,texture
1,layer4,264,sprinkled,0.04299111708935254,texture
1,layer4,57,water,0.0429854999440995,object
1,layer4,236,dotted,0.042833118399320885,texture
1,layer4,87,highway-s,0.04239134311999196,scene
1,layer4,228,grooved,0.04230181140504711,texture
1,layer4,403,chequered,0.04227622344112528,texture
1,layer4,281,cracked,0.04225800774456945,texture
1,layer4,254,polka-dotted,0.04211954271501293,texture
1,layer4,2,swirly,0.04154331778418745,texture
1,layer4,191,veined,0.041220676343429005,texture
1,layer4,457,lined,0.04029579126396058,texture
1,layer4,62,lined,0.04028189610715593,texture
1,layer4,135,dotted,0.04016997941878387,texture
1,layer4,203,cracked,0.04007926182605994,texture
1,layer4,180,wheel,0.03986675146325122,part
1,layer4,478,lined,0.039820246350690376,texture
1,layer4,64,veined,0.03976605974830171,texture
1,layer4,463,perforated,0.03954918333047034,texture
1,layer4,491,grass,0.039495558034477775,object
1,layer4,314,perforated,0.03925265704058485,texture
1,layer4,455,dotted,0.03908497605822936,texture
1,layer4,363,marbled,0.039018834453663595,texture
1,layer4,375,highway-s,0.03884842565063136,scene
1,layer4,171,highway-s,0.038820102256741734,scene
1,layer4,199,corridor-s,0.03848045073995295,scene
1,layer4,292,curtain,0.03832386055431402,object
1,layer4,339,polka-dotted,0.0382170893344536,texture
1,layer4,451,sidewalk,0.038192601556082596,object
1,layer4,89,corridor-s,0.03810018629462308,scene
1,layer4,342,grid,0.03789936962209774,texture
1,layer4,41,dotted,0.0378970088451993,texture
1,layer4,188,house,0.03781540874440337,object
1,layer4,262,grooved,0.0375358192204585,texture
1,layer4,20,perforated,0.03751403392889961,texture
1,layer4,172,lined,0.03746078081429041,texture
1,layer4,384,highway-s,0.037378170794589057,scene
1,layer4,304,grooved,0.03708717816003645,texture
1,layer4,71,spiralled,0.037067318617816945,texture
1,layer4,307,corridor-s,0.03675096836018438,scene
1,layer4,4,frilly,0.036674560179006784,texture
1,layer4,195,bed,0.03662653102822095,object
1,layer4,26,paisley,0.03652328465592453,texture
1,layer4,115,perforated,0.036451220191556076,texture
1,layer4,428,corridor-s,0.036438060454626844,scene
1,layer4,255,wrinkled,0.03628907508862391,texture
1,layer4,271,lid,0.03600252510861035,part
1,layer4,136,chequered,0.03599944397166968,texture
1,layer4,80,pleated,0.035997988585574785,texture
1,layer4,316,lined,0.03593524531769894,texture
1,layer4,431,frilly,0.035918121256361776,texture
1,layer4,117,bed,0.03563109555429812,object
1,layer4,244,bed,0.03562760829442253,object
1,layer4,50,marbled,0.03553378853122877,texture
1,layer4,227,corridor-s,0.03524261245781704,scene
1,layer4,73,dotted,0.03519034344074085,texture
1,layer4,507,perforated,0.03506144303370591,texture
1,layer4,348,perforated,0.03506049935753934,texture
1,layer4,401,grass,0.03483691515303294,object
1,layer4,312,screen,0.034635816160079824,part
1,layer4,502,road,0.03453695929222669,object
1,layer4,42,sprinkled,0.03444181601641845,texture
1,layer4,154,bed,0.03440275552846472,object
1,layer4,181,dotted,0.03420293640502817,texture
1,layer4,106,zigzagged,0.03380683391889752,texture
1,layer4,221,toilet,0.033640771916470635,object
1,layer4,334,striped,0.033234079257131635,texture
1,layer4,488,grooved,0.03322458963871369,texture
1,layer4,272,sprinkled,0.03315266855244047,texture
1,layer4,486,lighthouse-s,0.03313513398038895,scene
1,layer4,3,chequered,0.033132569454290384,texture
1,layer4,76,paisley,0.033043386588393085,texture
1,layer4,382,dotted,0.032975000788121434,texture
1,layer4,49,potholed,0.03288136572621344,texture
1,layer4,19,lacelike,0.03287729870445283,texture
1,layer4,354,highway-s,0.03221626983371245,scene
1,layer4,497,gauzy,0.03218844334577262,texture
1,layer4,494,bird,0.032137224212323526,object
1,layer4,508,corridor-s,0.03185350141830785,scene
1,layer4,68,water,0.03181293114668749,object
1,layer4,208,bed,0.031648697868160915,object
1,layer4,377,floor,0.0316156173589521,object
1,layer4,158,highway-s,0.03154621933630032,scene
1,layer4,498,swirly,0.031488060472661845,texture
1,layer4,366,perforated,0.03143887202913728,texture
1,layer4,395,zigzagged,0.031389588040123394,texture
1,layer4,414,dotted,0.03138404639278073,texture
1,layer4,483,house,0.031141436961934284,object
1,layer4,170,scaly,0.03107284703593454,texture
1,layer4,109,ball_pit-s,0.031039868475133577,scene
1,layer4,286,bird,0.030962394253503906,object
1,layer4,48,grid,0.030957241969895206,texture
1,layer4,277,gauzy,0.030929572517873125,texture
1,layer4,78,house,0.030907599451285055,object
1,layer4,341,wrinkled,0.030688129207399106,texture
1,layer4,340,marbled,0.030676855380134524,texture
1,layer4,369,dotted,0.030661809083633418,texture
1,layer4,132,zigzagged,0.03049023277113796,texture
1,layer4,333,bird,0.030470431803001383,object
1,layer4,152,corridor-s,0.030336493270863237,scene
1,layer4,512,cobwebbed,0.03022203621573412,texture
1,layer4,59,cracked,0.03021219801293232,texture
1,layer4,411,marbled,0.030205693559632082,texture
1,layer4,359,corridor-s,0.03019882285175066,scene
1,layer4,7,dotted,0.030059774759356502,texture
1,layer4,352,paisley,0.030039174556892347,texture
1,layer4,301,mountain_snowy-s,0.029979940095078452,scene
1,layer4,9,bed,0.02985931433962116,object
1,layer4,176,bed,0.0298193972204751,object
1,layer4,175,veined,0.029730243242755288,texture
1,layer4,472,bird,0.02968913557591657,object
1,layer4,265,spiralled,0.029680892610431987,texture
1,layer4,10,house,0.029622529773464027,object
1,layer4,306,matted,0.029352730350647924,texture
1,layer4,66,studded,0.029333013943052887,texture
1,layer4,33,airplane,0.02928311138054854,object
1,layer4,247,sprinkled,0.029263342079027043,texture
1,layer4,178,wheel,0.029229382296219374,part
1,layer4,357,utility_room-s,0.02920794138833167,scene
1,layer4,434,bathroom-s,0.029177789847598022,scene
1,layer4,114,banded,0.029102644529493914,texture
1,layer4,506,highway-s,0.029079161010702806,scene
1,layer4,423,bathroom-s,0.029040049620821476,scene
1,layer4,13,dotted,0.028989164550573317,texture
1,layer4,145,corridor-s,0.028975824610892535,scene
1,layer4,446,chequered,0.028950983943841036,texture
1,layer4,280,sprinkled,0.028925051125735388,texture
1,layer4,166,lacelike,0.028719970988699314,texture
1,layer4,249,pitted,0.028570851279495407,texture
1,layer4,14,porous,0.028551338654492373,texture
1,layer4,392,highway-s,0.028453110064359445,scene
1,layer4,187,arrival_gate-outdoor-s,0.02844625800299884,scene
1,layer4,69,veined,0.02841428887788131,texture
1,layer4,70,bird,0.028243183281268864,object
1,layer4,146,veined,0.027936796596934127,texture
1,layer4,343,corridor-s,0.0279172833831406,scene
1,layer4,207,bed,0.027787812779647914,object
1,layer4,370,perforated,0.027783627621677576,texture
1,layer4,241,bed,0.027742811660873362,object
1,layer4,123,highway-s,0.027692581233053296,scene
1,layer4,177,corridor-s,0.02762049415405258,scene
1,layer4,299,gauzy,0.027533728901765683,texture
1,layer4,393,cobwebbed,0.027528540588330225,texture
1,layer4,65,airplane,0.027428802581326153,object
1,layer4,270,lined,0.02729693422826506,texture
1,layer4,5,corridor-s,0.027265423354147878,scene
1,layer4,386,jacuzzi-indoor-s,0.027128833989736246,scene
1,layer4,449,crystalline,0.027020808555877778,texture
1,layer4,147,grooved,0.026972404855638316,texture
1,layer4,219,wrinkled,0.02697143181850468,texture
1,layer4,295,bed,0.026966141173716873,object
1,layer4,16,corridor-s,0.026851378963071888,scene
1,layer4,501,bathroom-s,0.02681759502309827,scene
1,layer4,82,art_gallery-s,0.026798756708077312,scene
1,layer4,231,bathroom-s,0.026780895141677623,scene
1,layer4,353,cobwebbed,0.026754952772893564,texture
1,layer4,85,bed,0.02667916578213005,object
1,layer4,443,torso,0.026621692039733944,part
1,layer4,346,bathroom-s,0.026518134180055934,scene
1,layer4,267,corridor-s,0.026511417992564606,scene
1,layer4,230,toilet,0.026506696584935024,object
1,layer4,239,veined,0.026437200002386897,texture
1,layer4,335,paisley,0.026379216294932336,texture
1,layer4,189,corridor-s,0.02630816245735757,scene
1,layer4,259,corridor-s,0.02628405918949998,scene
1,layer4,237,attic-s,0.026279613960520833,scene
1,layer4,161,monitor,0.026212587741851544,part
1,layer4,36,bathroom-s,0.02618975720771473,scene
1,layer4,75,water,0.026098536720676177,object
1,layer4,332,grass,0.026086889029701882,object
1,layer4,448,house,0.026069188137154673,object
1,layer4,336,cracked,0.02603637224272398,texture
1,layer4,468,house,0.02601395268681771,object
1,layer4,279,crosshatched,0.025926459504032103,texture
1,layer4,204,bird,0.025870972411715855,object
1,layer4,159,paisley,0.02573413249900817,texture
1,layer4,329,corridor-s,0.02559285014646971,scene
1,layer4,278,bathroom-s,0.02551020458987639,scene
1,layer4,214,water,0.025360460175168652,object
1,layer4,156,spiralled,0.02535833834890221,texture
1,layer4,456,corridor-s,0.02532651621968686,scene
1,layer4,220,bathroom-s,0.025249468372307734,scene
1,layer4,471,house,0.02524347884167112,object
1,layer4,436,corridor-s,0.025045681498680313,scene
1,layer4,484,corridor-s,0.025035790325365008,scene
1,layer4,378,zigzagged,0.024850629811384577,texture
1,layer4,490,bed,0.024721277110422903,object
1,layer4,383,grooved,0.024709671464706026,texture
1,layer4,125,water,0.024705763508057466,object
1,layer4,202,gauzy,0.02466939774569201,texture
1,layer4,485,grooved,0.02460895324049722,texture
1,layer4,92,bird,0.024539181005558824,object
1,layer4,224,highway-s,0.024477687650815174,scene
1,layer4,128,lid,0.024459574674980764,part
1,layer4,429,bathroom-s,0.024405654647361764,scene
1,layer4,453,corridor-s,0.024399012862171724,scene
1,layer4,365,bedroom-s,0.024386715500161575,scene
1,layer4,67,wrinkled,0.024366977422109075,texture
1,layer4,108,gauzy,0.024291665603481023,texture
1,layer4,124,pleated,0.024150577543615683,texture
1,layer4,391,water,0.024122602283244247,object
1,layer4,209,paisley,0.024098011569735546,texture
1,layer4,412,water,0.024083189604648437,object
1,layer4,196,water,0.02399684498213695,object
1,layer4,419,gauzy,0.02397870127940876,texture
1,layer4,482,house,0.023846726868876345,object
1,layer4,344,scaly,0.0237389902741905,texture
1,layer4,240,sprinkled,0.023708873410192715,texture
1,layer4,151,paisley,0.023530083569609065,texture
1,layer4,100,stratified,0.023280409938496616,texture
1,layer4,39,corridor-s,0.023029433572971405,scene
1,layer4,83,corridor-s,0.022947160884248932,scene
1,layer4,435,headboard,0.0228564476039838,part
1,layer4,479,interlaced,0.02272185721681754,texture
1,layer4,160,floor,0.022663516216259092,object
1,layer4,226,bed,0.02253009117915482,object
1,layer4,97,headboard,0.02241350126947777,part
1,layer4,437,corridor-s,0.022402012312736055,scene
1,layer4,416,screen,0.02224468060013463,part
1,layer4,127,headboard,0.022210471095737344,part
1,layer4,465,bathroom-s,0.02218423916622408,scene
1,layer4,107,sprinkled,0.022155591563676087,texture
1,layer4,116,pleated,0.022130668915850256,texture
1,layer4,102,screen,0.02207861112802359,part
1,layer4,330,veined,0.02207335497016149,texture
1,layer4,1,polka-dotted,0.0220635517434036,texture
1,layer4,133,grid,0.022040493509977763,texture
1,layer4,296,washer,0.022010209259216762,object
1,layer4,470,highway-s,0.02200764470621643,scene
1,layer4,223,headboard,0.021926209834189334,part
1,layer4,30,corridor-s,0.02190325546974604,scene
1,layer4,273,grid,0.02188690214960142,texture
1,layer4,24,office-s,0.021834139202171973,scene
1,layer4,103,highway-s,0.021798952890556625,scene
1,layer4,405,grid,0.021732108399537972,texture
1,layer4,8,water,0.02172075434851943,object
1,layer4,269,woven,0.021684408137509808,texture
1,layer4,433,veined,0.0215650861599608,texture
1,layer4,418,bathtub,0.0215276851694922,object
1,layer4,337,sprinkled,0.02151958999353439,texture
1,layer4,11,bed,0.021484108423878753,object
1,layer4,193,utility_room-s,0.02144529642634093,scene
1,layer4,308,dotted,0.021349226105558974,texture
1,layer4,238,house,0.02129489796702806,object
1,layer4,313,sidewalk,0.021218174155109175,object
1,layer4,197,attic-s,0.021185532859421024,scene
1,layer4,400,toilet,0.021015249115787143,object
1,layer4,325,corridor-s,0.020968117933834823,scene
1,layer4,454,corridor-s,0.02094078760355266,scene
1,layer4,251,marbled,0.020639208192343585,texture
1,layer4,310,tower-s,0.020563877977123456,scene
1,layer4,217,bus,0.02041643908171541,object
1,layer4,509,roof,0.02035776729145908,part
1,layer4,131,body,0.02032850132887773,part
1,layer4,350,sprinkled,0.020236630303075986,texture
1,layer4,275,lacelike,0.02017405208024617,texture
1,layer4,216,freckled,0.02014000232662826,texture
1,layer4,111,bed,0.02007710070022631,object
1,layer4,421,corridor-s,0.020073949240176657,scene
1,layer4,260,cracked,0.020071767254754302,texture
1,layer4,305,wine_cellar-barrel_storage-s,0.0200551620464737,scene
1,layer4,149,woven,0.020043437678025598,texture
1,layer4,52,corridor-s,0.020039123805582863,scene
1,layer4,500,corridor-s,0.020022299664150808,scene
1,layer4,406,airplane,0.020020671133440547,object
1,layer4,142,field-cultivated-s,0.02001028853009395,scene
1,layer4,293,bathroom-s,0.019876156990745263,scene
1,layer4,290,highway-s,0.01986676258486119,scene
1,layer4,487,utility_room-s,0.019460994760124712,scene
1,layer4,399,airplane,0.01945761247783881,object
1,layer4,380,marbled,0.019372278948773483,texture
1,layer4,51,headboard,0.019229796110372902,part
1,layer4,98,cracked,0.019209644729645238,texture
1,layer4,376,art_gallery-s,0.019192973400680085,scene
1,layer4,285,bed,0.01915307886782975,object
1,layer4,444,screen,0.019110000540169612,part
1,layer4,274,veined,0.019106378845368522,texture
1,layer4,263,bathroom-s,0.01903698798714112,scene
1,layer4,426,road,0.01898560927351555,object
1,layer4,351,butte-s,0.018971943099545044,scene
1,layer4,90,bed,0.018835964997144194,object
1,layer4,355,highway-s,0.01877288107244981,scene
1,layer4,257,corridor-s,0.018732448910883766,scene
1,layer4,474,utility_room-s,0.018710773005844946,scene
1,layer4,40,floor,0.018699753719241218,object
1,layer4,321,bed,0.018677667041271592,object
1,layer4,144,screen,0.018644149465565397,part
1,layer4,157,airplane,0.018615797262182078,object
1,layer4,245,highway-s,0.018555755662255435,scene
1,layer4,294,airplane,0.018502282016687025,object
1,layer4,440,mountain-s,0.018375920525873574,scene
1,layer4,91,home_theater-s,0.01828078770388111,scene
1,layer4,243,headboard,0.018266068251816734,part
1,layer4,425,sea,0.018196614711739514,object
1,layer4,194,home_theater-s,0.01813552597575135,scene
1,layer4,201,highway-s,0.018114772165653246,scene
1,layer4,442,bed,0.017976977104265525,object
1,layer4,200,crystalline,0.017915144678159835,texture
1,layer4,364,veined,0.01779162697836648,texture
1,layer4,155,lined,0.017785850899226685,texture
1,layer4,211,spiralled,0.01777748727290853,texture
1,layer4,190,corridor-s,0.01769346255825082,scene
1,layer4,503,polka-dotted,0.01768196000204593,texture
1,layer4,452,corridor-s,0.01753490750837105,scene
1,layer4,390,dog,0.01744791454776402,object
1,layer4,122,bed,0.01719653374687915,object
1,layer4,379,highway-s,0.017100752848779256,scene
1,layer4,95,corridor-s,0.01709556214252912,scene
1,layer4,54,gauzy,0.01697306565677809,texture
1,layer4,101,swirly,0.016854194180907552,texture
1,layer4,358,bed,0.016733944247139386,object
1,layer4,450,water,0.016708564364555586,object
1,layer4,43,horse,0.01656994291128793,object
1,layer4,63,swirly,0.016563087781892926,texture
1,layer4,55,roof,0.016517226506701062,part
1,layer4,268,bathroom-s,0.016514979148640398,scene
1,layer4,246,corridor-s,0.016436963331476206,scene
1,layer4,185,highway-s,0.016383584357242555,scene
1,layer4,113,woven,0.016245116587631146,texture
1,layer4,32,bathroom-s,0.01620585102282903,scene
1,layer4,110,headboard,0.016170919385866213,part
1,layer4,212,corridor-s,0.016101224452273466,scene
1,layer4,253,house,0.016099196195641582,object
1,layer4,495,mountain,0.016094483311036533,object
1,layer4,345,woven,0.015983173162975154,texture
1,layer4,105,sprinkled,0.015869024624010738,texture
1,layer4,385,waffled,0.015840843144368257,texture
1,layer4,481,lid,0.015736653718244037,part
1,layer4,473,childs_room-s,0.01566505448989127,scene
1,layer4,407,headboard,0.015621910820335197,part
1,layer4,139,lid,0.015583515596673642,part
1,layer4,324,utility_room-s,0.015564555535949398,scene
1,layer4,242,escalator-indoor-s,0.01538673824913407,scene
1,layer4,206,ceiling,0.01521593537473677,object
1,layer4,441,house,0.01515175801920008,object
1,layer4,311,basement-s,0.01499396342057836,scene
1,layer4,126,potholed,0.014964380695748779,texture
1,layer4,283,utility_room-s,0.014958143633426348,scene
1,layer4,288,headboard,0.014944058519720738,part
1,layer4,121,screen,0.014915151739667173,part
1,layer4,289,auditorium-s,0.014891865822744446,scene
1,layer4,322,airplane,0.01487540165831517,object
1,layer4,129,bathroom-s,0.014773260359260142,scene
1,layer4,72,painting,0.014742581022350265,object
1,layer4,248,freckled,0.014583758909928824,texture
1,layer4,409,muzzle,0.014540698752733297,part
1,layer4,460,alcove-s,0.01453761355516995,scene
1,layer4,143,frilly,0.01449464993227107,texture
1,layer4,162,headboard,0.014486151699792314,part
1,layer4,31,corridor-s,0.014476614244079207,scene
1,layer4,430,screen,0.014408296808444966,part
1,layer4,404,bed,0.014231075030338537,object
1,layer4,408,bathroom-s,0.014197175007131302,scene
1,layer4,396,kitchen-s,0.013960416611619678,scene
1,layer4,56,cloister-indoor-s,0.013918739870364913,scene
1,layer4,402,theater-indoor_procenium-s,0.01380725813975184,scene
1,layer4,374,monitor,0.013807103743155049,part
1,layer4,458,arrival_gate-outdoor-s,0.013770950121835041,scene
1,layer4,505,water,0.013740102696976104,object
1,layer4,459,corridor-s,0.013682741369461966,scene
1,layer4,210,wine_cellar-barrel_storage-s,0.013662321698378957,scene
1,layer4,326,head,0.013559404276630478,part
1,layer4,153,utility_room-s,0.013416595764663185,scene
1,layer4,398,headboard,0.013342061875666762,part
1,layer4,119,dotted,0.013125901577815966,texture
1,layer4,466,bed,0.01277529775878481,object
1,layer4,34,wing,0.012726355004294984,part
1,layer4,232,windowpane,0.012594202541023523,object
1,layer4,86,jacuzzi-indoor-s,0.012500903344877617,scene
1,layer4,432,bathtub,0.012494462269596853,object
1,layer4,287,corridor-s,0.012236140246694234,scene
1,layer4,349,covered_bridge-interior-s,0.012031657990399297,scene
1,layer4,510,fitting_room-exterior-s,0.011785072012221297,scene
1,layer4,165,donjon-s,0.011759515501544136,scene
1,layer4,218,wing,0.011417199396117976,part
1,layer4,23,corridor-s,0.011341949875825085,scene
1,layer4,12,badminton_court-outdoor-s,0.011341565188625101,scene
1,layer4,492,woven,0.010957947109252096,texture
1,layer4,29,art_gallery-s,0.01044571694725418,scene
1,layer4,373,sidewalk,0.010234674745834707,object
1,layer4,150,tree,0.010117184566302607,object
1,layer4,148,kitchenette-s,0.008498676597114126,scene
2,layer4,482,sky,0.06103309494281549,object
2,layer4,356,zigzagged,0.05284698130762855,texture
2,layer4,264,zigzagged,0.05047357123597032,texture
2,layer4,37,sky,0.048793142748707795,object
2,layer4,489,grooved,0.04878599558791188,texture
2,layer4,179,gauzy,0.04863127609290501,texture
2,layer4,464,chequered,0.048050506002066326,texture
2,layer4,184,perforated,0.047319446716340585,texture
2,layer4,106,sky,0.047150065183531,object
2,layer4,381,matted,0.04665686777530593,texture
2,layer4,480,zigzagged,0.046503533688474666,texture
2,layer4,20,zigzagged,0.045250723466047284,texture
2,layer4,192,striped,0.04519191666789156,texture
2,layer4,420,grooved,0.04474763180699393,texture
2,layer4,77,meshed,0.04471721588756655,texture
2,layer4,55,lighthouse-s,0.044611557055898816,scene
2,layer4,233,flecked,0.043942806837903456,texture
2,layer4,68,beach-s,0.043398816982267364,scene
2,layer4,260,matted,0.042624575720124444,texture
2,layer4,424,grooved,0.04208068650545906,texture
2,layer4,169,gauzy,0.04204134968610882,texture
2,layer4,410,zigzagged,0.04186747872185797,texture
2,layer4,196,sky,0.0418011851770956,object
2,layer4,235,marbled,0.04155176038844971,texture
2,layer4,174,dotted,0.041519426850241674,texture
2,layer4,35,banded,0.04116534581430801,texture
2,layer4,118,sky,0.0407791460464258,object
2,layer4,63,sky,0.04041636836818206,object
2,layer4,159,marbled,0.040226331305853485,texture
2,layer4,262,matted,0.04017056178204441,texture
2,layer4,346,grooved,0.040110062707158035,texture
2,layer4,384,lighthouse-s,0.04007661988599466,scene
2,layer4,75,grooved,0.03990196499978501,texture
2,layer4,485,grooved,0.03984284974698976,texture
2,layer4,104,perforated,0.03983780514514551,texture
2,layer4,414,paisley,0.03974348595417905,texture
2,layer4,138,dotted,0.03949571352479941,texture
2,layer4,372,marbled,0.039402044324129075,texture
2,layer4,258,chequered,0.038987325220968226,texture
2,layer4,44,grooved,0.03875091865900231,texture
2,layer4,81,marbled,0.03868593696987377,texture
2,layer4,374,sky,0.038601328542016325,object
2,layer4,26,zigzagged,0.038135387366516865,texture
2,layer4,453,perforated,0.038052408884637685,texture
2,layer4,396,dotted,0.03782620041753654,texture
2,layer4,60,lighthouse-s,0.03758472811816825,scene
2,layer4,266,gauzy,0.03713984670281346,texture
2,layer4,403,meshed,0.03693359288055256,texture
2,layer4,319,marbled,0.036821131071644767,texture
2,layer4,484,lighthouse-s,0.03665147669048979,scene
2,layer4,315,perforated,0.03645635276759503,texture
2,layer4,182,matted,0.03632714765975741,texture
2,layer4,270,spiralled,0.036199040519151036,texture
2,layer4,481,perforated,0.03595966192518389,texture
2,layer4,186,banded,0.035720398584196636,texture
2,layer4,62,grooved,0.035610201117524574,texture
2,layer4,167,lined,0.03536611629739883,texture
2,layer4,217,highway-s,0.03532079465869491,scene
2,layer4,463,lined,0.03530505254269094,texture
2,layer4,389,banded,0.03520759010159759,texture
2,layer4,461,matted,0.03502639635513343,texture
2,layer4,415,gauzy,0.034965493073852785,texture
2,layer4,331,road,0.03492859936134265,object
2,layer4,371,highway-s,0.03486157222358376,scene
2,layer4,272,gauzy,0.03481153468092768,texture
2,layer4,114,perforated,0.034606659433867516,texture
2,layer4,296,lighthouse-s,0.0344864023135532,scene
2,layer4,282,sky,0.03435736401426918,object
2,layer4,439,banded,0.0343567313948132,texture
2,layer4,27,grooved,0.03429782176388198,texture
2,layer4,84,gauzy,0.034230218181356104,texture
2,layer4,17,dotted,0.03420276463407143,texture
2,layer4,135,spiralled,0.03416231776506356,texture
2,layer4,38,dotted,0.034115410181422494,texture
2,layer4,228,grooved,0.03392037303500071,texture
2,layer4,15,paisley,0.033894165477689635,texture
2,layer4,134,water,0.03389306760934584,object
2,layer4,347,dotted,0.03369530155852534,texture
2,layer4,147,matted,0.033629455207106924,texture
2,layer4,462,gauzy,0.0335123470811565,texture
2,layer4,236,zigzagged,0.03344500314757339,texture
2,layer4,307,lighthouse-s,0.03339586285177758,scene
2,layer4,99,zigzagged,0.033384236503067925,texture
2,layer4,249,marbled,0.03338012650832334,texture
2,layer4,425,marbled,0.03331504001582404,texture
2,layer4,291,paisley,0.03327395972490228,texture
2,layer4,19,perforated,0.03312780541075735,texture
2,layer4,280,lighthouse-s,0.033059583900862645,scene
2,layer4,304,chequered,0.03303763476773858,texture
2,layer4,300,dotted,0.033009310292470534,texture
2,layer4,93,paisley,0.032997532300662484,texture
2,layer4,495,matted,0.03298597763010965,texture
2,layer4,103,beach-s,0.03298404871974696,scene
2,layer4,18,pitted,0.03272776989728778,texture
2,layer4,7,matted,0.032596311398556996,texture
2,layer4,405,chequered,0.03246188190222891,texture
2,layer4,397,matted,0.032341378489937574,texture
2,layer4,440,marbled,0.0322707952191477,texture
2,layer4,151,chequered,0.0322488207674034,texture
2,layer4,314,marbled,0.03211638742787686,texture
2,layer4,87,pitted,0.03208060070216808,texture
2,layer4,61,paisley,0.03204596908559462,texture
2,layer4,387,perforated,0.032036613272311214,texture
2,layer4,298,gauzy,0.032029457319308584,texture
2,layer4,451,sidewalk,0.031916160887692696,object
2,layer4,455,sky,0.03191352984639129,object
2,layer4,191,banded,0.03183817329854748,texture
2,layer4,369,dotted,0.031820227084347494,texture
2,layer4,278,grooved,0.03180756955897787,texture
2,layer4,388,perforated,0.03166945781088621,texture
2,layer4,79,lacelike,0.03162095419973,texture
2,layer4,340,lighthouse-s,0.03149868642554711,scene
2,layer4,287,paisley,0.0314597585380472,texture
2,layer4,354,matted,0.031453948298622796,texture
2,layer4,131,paisley,0.03129142372185666,texture
2,layer4,427,water,0.03128494528130231,object
2,layer4,231,lined,0.031271386483513325,texture
2,layer4,306,zigzagged,0.031226159143421913,texture
2,layer4,3,zigzagged,0.031218286353956883,texture
2,layer4,97,chequered,0.03116379454097603,texture
2,layer4,261,grooved,0.03079416531604538,texture
2,layer4,25,banded,0.030786002955442655,texture
2,layer4,279,paisley,0.030723713424676453,texture
2,layer4,498,paisley,0.030694665467951385,texture
2,layer4,76,paisley,0.030655420597507352,texture
2,layer4,73,paisley,0.03051422908337653,texture
2,layer4,136,perforated,0.030428995340869746,texture
2,layer4,285,lighthouse-s,0.030410190904068587,scene
2,layer4,449,bubbly,0.0303412262982349,texture
2,layer4,504,zigzagged,0.03025400828121089,texture
2,layer4,486,lighthouse-s,0.030220196389710293,scene
2,layer4,423,road,0.030109712406670028,object
2,layer4,454,lighthouse-s,0.02999119418430508,scene
2,layer4,273,perforated,0.02993780881836755,texture
2,layer4,297,chequered,0.02993133927734715,texture
2,layer4,254,perforated,0.029926686075549186,texture
2,layer4,229,banded,0.02986338891692221,texture
2,layer4,368,matted,0.029835245189890773,texture
2,layer4,57,highway-s,0.029719667483014137,scene
2,layer4,22,stained,0.029584677079282813,texture
2,layer4,74,spiralled,0.02955887102753402,texture
2,layer4,323,perforated,0.029390421446699743,texture
2,layer4,183,lighthouse-s,0.029344607434022226,scene
2,layer4,255,lined,0.029317975398243597,texture
2,layer4,48,paisley,0.029272436196692043,texture
2,layer4,21,dotted,0.029233781076333922,texture
2,layer4,204,lighthouse-s,0.029218827230534407,scene
2,layer4,250,field,0.029190942714103097,object
2,layer4,50,marbled,0.02898686022358625,texture
2,layer4,302,meshed,0.028905220527414944,texture
2,layer4,367,woven,0.02888475270852351,texture
2,layer4,117,highway-s,0.028882486067216336,scene
2,layer4,8,perforated,0.028871387055213502,texture
2,layer4,102,lighthouse-s,0.028702240843294237,scene
2,layer4,43,marbled,0.028376316636033735,texture
2,layer4,10,perforated,0.028375592809882808,texture
2,layer4,343,perforated,0.028312210119507984,texture
2,layer4,133,flecked,0.028179704919588214,texture
2,layer4,512,flecked,0.02814716991674963,texture
2,layer4,327,bed,0.028001073545992544,object
2,layer4,234,flecked,0.027892532111400487,texture
2,layer4,220,bathroom-s,0.027880943003170237,scene
2,layer4,41,marbled,0.027878108622758687,texture
2,layer4,156,zigzagged,0.027802655550060968,texture
2,layer4,448,zigzagged,0.02778423456035233,texture
2,layer4,465,bathroom-s,0.027412844953001756,scene
2,layer4,501,bathroom-s,0.027288247572500996,scene
2,layer4,475,lacelike,0.027182132476892253,texture
2,layer4,160,chequered,0.02704226125248796,texture
2,layer4,318,grooved,0.027030403381945314,texture
2,layer4,88,honeycombed,0.02675283791767586,texture
2,layer4,47,meshed,0.02671433899823299,texture
2,layer4,336,paisley,0.02668502577252152,texture
2,layer4,116,sky,0.02658294351572978,object
2,layer4,503,field,0.026396149017517228,object
2,layer4,325,lighthouse-s,0.02636240323632605,scene
2,layer4,418,perforated,0.02629663012479457,texture
2,layer4,2,zigzagged,0.026291834324338813,texture
2,layer4,338,lighthouse-s,0.026263462001245415,scene
2,layer4,171,beach-s,0.02624862665346875,scene
2,layer4,207,perforated,0.026202291934579472,texture
2,layer4,199,zigzagged,0.026194606470607815,texture
2,layer4,408,grooved,0.02604863071361363,texture
2,layer4,361,dotted,0.02602055004860194,texture
2,layer4,483,mountain,0.026017947398016203,object
2,layer4,357,chequered,0.025990429534909678,texture
2,layer4,360,meshed,0.025980823012385138,texture
2,layer4,137,lacelike,0.025969737751129866,texture
2,layer4,161,chequered,0.025873607071882822,texture
2,layer4,509,lighthouse-s,0.02579941818567556,scene
2,layer4,267,forest-broadleaf-s,0.025508911268674866,scene
2,layer4,139,chequered,0.025452414110852216,texture
2,layer4,395,crystalline,0.025421944507699724,texture
2,layer4,457,lined,0.025417463440017243,texture
2,layer4,326,marbled,0.025370339898524864,texture
2,layer4,493,lined,0.02528482378887417,texture
2,layer4,393,lined,0.02525166989580934,texture
2,layer4,241,bed,0.025153962941117828,object
2,layer4,208,matted,0.025096525096525095,texture
2,layer4,215,matted,0.025079099512087265,texture
2,layer4,140,bed,0.025023280442719578,object
2,layer4,434,bathroom-s,0.02482448561177418,scene
2,layer4,412,blotchy,0.024720698538708386,texture
2,layer4,115,marbled,0.024661429116893435,texture
2,layer4,344,woven,0.024647198294492495,texture
2,layer4,173,pleated,0.024555612308889207,texture
2,layer4,316,zigzagged,0.024536660824954228,texture
2,layer4,377,lined,0.024467824486363726,texture
2,layer4,225,chequered,0.024453374903834472,texture
2,layer4,339,spiralled,0.024226390338577364,texture
2,layer4,6,lacelike,0.024147616680541165,texture
2,layer4,205,grass,0.024070309468468325,object
2,layer4,365,dotted,0.023803609637237124,texture
2,layer4,108,lacelike,0.023709340386060283,texture
2,layer4,242,banded,0.02370276272711019,texture
2,layer4,450,frilly,0.023675929549902153,texture
2,layer4,382,perforated,0.023521034920738995,texture
2,layer4,58,banded,0.02350677706335064,texture
2,layer4,446,chequered,0.023491204585709743,texture
2,layer4,391,grooved,0.023346722759647914,texture
2,layer4,317,forest-broadleaf-s,0.023245391727412298,scene
2,layer4,507,stratified,0.023235198244540026,texture
2,layer4,170,grooved,0.02322904853490722,texture
2,layer4,337,flecked,0.023155891386496708,texture
2,layer4,123,airplane,0.02306791917073213,object
2,layer4,467,porous,0.02306749013225554,texture
2,layer4,502,sidewalk,0.023043340002719882,object
2,layer4,144,perforated,0.02299170423518232,texture
2,layer4,301,lighthouse-s,0.02298941412845529,scene
2,layer4,200,bubbly,0.022955892768849424,texture
2,layer4,380,perforated,0.022917548180374885,texture
2,layer4,95,bathroom-s,0.02288228317090767,scene
2,layer4,72,chequered,0.02282884373939099,texture
2,layer4,363,marbled,0.02282143035053053,texture
2,layer4,128,lighthouse-s,0.022820691510860375,scene
2,layer4,452,lighthouse-s,0.02269212661423327,scene
2,layer4,24,airplane,0.022620482577784793,object
2,layer4,246,gauzy,0.022607309491327665,texture
2,layer4,334,banded,0.022590754095779365,texture
2,layer4,416,meshed,0.022584059685488815,texture
2,layer4,189,auditorium-s,0.022365557158473336,scene
2,layer4,42,lined,0.02230364431256685,texture
2,layer4,447,bed,0.022120892680574964,object
2,layer4,366,lined,0.021915143898062577,texture
2,layer4,277,lined,0.021776205482613255,texture
2,layer4,226,sidewalk,0.021753247535791154,object
2,layer4,206,spiralled,0.021738544110904333,texture
2,layer4,435,perforated,0.0217231329777442,texture
2,layer4,209,crosshatched,0.02161977695638625,texture
2,layer4,322,airplane,0.021534987782679576,object
2,layer4,210,woven,0.021485075821561256,texture
2,layer4,444,banded,0.02146542315074128,texture
2,layer4,505,water,0.021440924330653123,object
2,layer4,386,road,0.02138684849720352,object
2,layer4,101,wheel,0.021384095584628563,part
2,layer4,28,lacelike,0.021328877216656897,texture
2,layer4,474,bathroom-s,0.021284355709524118,scene
2,layer4,394,waffled,0.02119084217119773,texture
2,layer4,411,gauzy,0.021163198406866125,texture
2,layer4,9,zigzagged,0.0211045415712433,texture
2,layer4,100,spiralled,0.021099490270875553,texture
2,layer4,45,gauzy,0.02103637878138517,texture
2,layer4,155,highway-s,0.020979604293566607,scene
2,layer4,284,marbled,0.02097729832104832,texture
2,layer4,113,perforated,0.020937032999785322,texture
2,layer4,176,bed,0.020913988403454802,object
2,layer4,83,grooved,0.0209022316446768,texture
2,layer4,429,scaly,0.020850536563386677,texture
2,layer4,252,lacelike,0.02085000060963543,texture
2,layer4,350,motorbike,0.020583056398374783,object
2,layer4,417,grooved,0.02057978574824401,texture
2,layer4,193,perforated,0.020469502110537878,texture
2,layer4,494,lighthouse-s,0.020361099952410002,scene
2,layer4,473,sidewalk,0.02025586986850307,object
2,layer4,201,cracked,0.02021124563982231,texture
2,layer4,445,banded,0.02020435679968206,texture
2,layer4,141,bathroom-s,0.02016026137315329,scene
2,layer4,351,meshed,0.02014450757965674,texture
2,layer4,222,cracked,0.02008400093560364,texture
2,layer4,188,zigzagged,0.020043390124489552,texture
2,layer4,164,highway-s,0.01999343203535828,scene
2,layer4,259,waffled,0.01994890852583363,texture
2,layer4,71,spiralled,0.019846963498270274,texture
2,layer4,59,lacelike,0.019804412131079665,texture
2,layer4,341,lined,0.019740725830473472,texture
2,layer4,332,grid,0.019732382976709543,texture
2,layer4,67,wrinkled,0.019724658027272014,texture
2,layer4,460,dotted,0.019691585999117096,texture
2,layer4,399,motorbike,0.019581921552502563,object
2,layer4,292,grooved,0.01946271739808544,texture
2,layer4,240,cracked,0.019461337374650344,texture
2,layer4,268,sidewalk,0.01944575573945799,object
2,layer4,54,zigzagged,0.019385096502370837,texture
2,layer4,497,perforated,0.01934199323332908,texture
2,layer4,32,body,0.019321139319440347,part
2,layer4,82,dotted,0.019312078619586334,texture
2,layer4,121,woven,0.019255087303266142,texture
2,layer4,120,lighthouse-s,0.01916798133692324,scene
2,layer4,358,lined,0.019113514856487563,texture
2,layer4,353,studded,0.01910933596558011,texture
2,layer4,29,lighthouse-s,0.019107067065205492,scene
2,layer4,64,woven,0.01909146105504621,texture
2,layer4,281,water,0.019077531576748467,object
2,layer4,219,lacelike,0.019033913936534603,texture
2,layer4,237,waffled,0.018977466247088806,texture
2,layer4,265,utility_room-s,0.01895028578350557,scene
2,layer4,119,lighthouse-s,0.01894883086699799,scene
2,layer4,312,chequered,0.01889784900966875,texture
2,layer4,213,spiralled,0.0188949788647469,texture
2,layer4,127,bathroom-s,0.0188843989151163,scene
2,layer4,227,mountain,0.018871136881398087,object
2,layer4,96,perforated,0.018859716696422908,texture
2,layer4,308,chequered,0.018812201611263377,texture
2,layer4,130,lighthouse-s,0.018796546070934984,scene
2,layer4,1,chequered,0.018757586710485906,texture
2,layer4,364,lighthouse-s,0.01870536549948098,scene
2,layer4,421,interlaced,0.018615553961130696,texture
2,layer4,11,meshed,0.018502676897572297,texture
2,layer4,180,street-s,0.0184355418346117,scene
2,layer4,78,lighthouse-s,0.01841636485958207,scene
2,layer4,477,bathroom-s,0.01831084173688515,scene
2,layer4,511,studded,0.018287359408129398,texture
2,layer4,432,wheel,0.018275134384467248,part
2,layer4,330,coach,0.018133170681493796,part
2,layer4,383,sidewalk,0.017985088216528243,object
2,layer4,166,chequered,0.017970682620180877,texture
2,layer4,303,lighthouse-s,0.017868666824770205,scene
2,layer4,345,woven,0.01782093406994718,texture
2,layer4,359,lighthouse-s,0.017773030927397085,scene
2,layer4,324,potholed,0.017743211776730328,texture
2,layer4,107,potholed,0.017729787304001817,texture
2,layer4,470,highway-s,0.017722167200388335,scene
2,layer4,4,blue-c,0.017644918912231276,color
2,layer4,293,bathroom-s,0.017622058320237066,scene
2,layer4,275,mountain,0.017610244790966546,object
2,layer4,69,striped,0.01755296283044003,texture
2,layer4,247,grooved,0.017525605184971607,texture
2,layer4,33,body,0.017501919174179027,part
2,layer4,13,mountain,0.017439505268516047,object
2,layer4,376,sidewalk,0.0173846238447828,object
2,layer4,31,kitchen-s,0.01733430027611713,scene
2,layer4,221,corridor-s,0.01733151306650227,scene
2,layer4,143,scaly,0.01729115063169378,texture
2,layer4,342,arrival_gate-outdoor-s,0.017288243403333625,scene
2,layer4,203,cracked,0.017216732854848305,texture
2,layer4,328,corridor-s,0.017184702515784314,scene
2,layer4,295,perforated,0.01710259706659634,texture
2,layer4,132,dotted,0.01698955943907111,texture
2,layer4,290,lighthouse-s,0.01691881884202263,scene
2,layer4,146,stratified,0.016917690832192314,texture
2,layer4,198,grooved,0.016889912330351576,texture
2,layer4,496,dotted,0.016883145202592438,texture
2,layer4,66,cracked,0.0168315364551688,texture
2,layer4,14,lighthouse-s,0.01664522097014473,scene
2,layer4,333,airplane,0.016559751484323516,object
2,layer4,362,lighthouse-s,0.01649706841418063,scene
2,layer4,413,marbled,0.016434080701244524,texture
2,layer4,202,bathroom-s,0.016428975667680812,scene
2,layer4,244,bed,0.016426276268440787,object
2,layer4,378,street-s,0.016351292449871203,scene
2,layer4,157,highway-s,0.016350464595119567,scene
2,layer4,506,lighthouse-s,0.016300615955624646,scene
2,layer4,51,bed,0.016232380187427863,object
2,layer4,352,pleated,0.0162028186906662,texture
2,layer4,178,street-s,0.016165613837190684,scene
2,layer4,168,mountain,0.01605557556367724,object
2,layer4,438,spiralled,0.016045985062344822,texture
2,layer4,309,white-c,0.015999330266077742,color
2,layer4,310,torso,0.015974781920801064,part
2,layer4,109,lighthouse-s,0.01587506512087802,scene
2,layer4,508,scaly,0.015833955491965254,texture
2,layer4,181,theater-indoor_procenium-s,0.015725185500510705,scene
2,layer4,80,wheel,0.015663156366827295,part
2,layer4,36,bed,0.01563273813954401,object
2,layer4,110,lighthouse-s,0.015608228930986895,scene
2,layer4,490,lighthouse-s,0.015556730136709301,scene
2,layer4,105,airplane,0.015546558500246993,object
2,layer4,348,woven,0.015536652175005654,texture
2,layer4,158,wheel,0.015503422771799351,part
2,layer4,283,honeycombed,0.015496697020739025,texture
2,layer4,471,house,0.01537827092567944,object
2,layer4,433,bus,0.015348167535851425,object
2,layer4,299,street-s,0.015330782877998389,scene
2,layer4,373,bathroom-s,0.015265620753165563,scene
2,layer4,472,lighthouse-s,0.015115689783507276,scene
2,layer4,500,corridor-s,0.015113762766710486,scene
2,layer4,398,airplane,0.015099719669306016,object
2,layer4,216,body,0.015096146371960538,part
2,layer4,163,bus,0.01502433493772301,object
2,layer4,85,bed,0.01499603719439056,object
2,layer4,40,scaly,0.01487785022094657,texture
2,layer4,185,body,0.014872474751649179,part
2,layer4,390,street-s,0.014804396349595956,scene
2,layer4,91,banded,0.014789447244075013,texture
2,layer4,248,lighthouse-s,0.01478812947689751,scene
2,layer4,129,lighthouse-s,0.014632478203442899,scene
2,layer4,214,water,0.014580302447747521,object
2,layer4,406,utility_room-s,0.014570762452489634,scene
2,layer4,65,perforated,0.014525271249537338,texture
2,layer4,89,chequered,0.014486676422120847,texture
2,layer4,212,airplane,0.01447543695004053,object
2,layer4,243,airplane,0.014457171248532564,object
2,layer4,355,lighthouse-s,0.014425856655028445,scene
2,layer4,162,lighthouse-s,0.014354575641386041,scene
2,layer4,223,woven,0.014288131005548788,texture
2,layer4,211,bed,0.01410924462209756,object
2,layer4,263,bathroom-s,0.014043377830897676,scene
2,layer4,430,lighthouse-s,0.014039962948259892,scene
2,layer4,190,wheel,0.01403317003527015,part
2,layer4,419,perforated,0.013988704615858476,texture
2,layer4,400,lighthouse-s,0.013965840840840842,scene
2,layer4,175,house,0.013948677983950789,object
2,layer4,437,art_gallery-s,0.013909333162552072,scene
2,layer4,329,cracked,0.013876515446380949,texture
2,layer4,479,crosshatched,0.013875398064698577,texture
2,layer4,112,train,0.013855764815129611,object
2,layer4,153,airplane,0.013752189437926037,object
2,layer4,253,windowpane,0.013724331489638749,object
2,layer4,478,islet-s,0.01367886910554682,scene
2,layer4,402,lighthouse-s,0.01366393477645078,scene
2,layer4,239,waffled,0.0136406934081751,texture
2,layer4,94,pleated,0.013613721858570986,texture
2,layer4,431,bubbly,0.013576045501620615,texture
2,layer4,276,waffled,0.013509615102613885,texture
2,layer4,491,potholed,0.013502476043475464,texture
2,layer4,466,casino-indoor-s,0.01349492565774182,scene
2,layer4,370,water,0.013474460016776178,object
2,layer4,436,red-c,0.013330250459445301,color
2,layer4,150,street-s,0.013282900314627106,scene
2,layer4,70,highway-s,0.013190036219309814,scene
2,layer4,468,sky,0.013175911967821773,object
2,layer4,271,honeycombed,0.013135562497133024,texture
2,layer4,197,matted,0.013135114652269672,texture
2,layer4,313,street-s,0.013122555352888107,scene
2,layer4,288,kitchen-s,0.013079876257280028,scene
2,layer4,305,pitted,0.013050132244333124,texture
2,layer4,428,body,0.01299390680696192,part
2,layer4,245,lighthouse-s,0.01295319684216579,scene
2,layer4,152,building,0.01294089702076654,object
2,layer4,177,car,0.012933449314071747,object
2,layer4,111,airplane,0.012839366916014996,object
2,layer4,39,wheel,0.012836297999552776,part
2,layer4,224,coach,0.012820194949039831,part
2,layer4,149,woven,0.012803102649693211,texture
2,layer4,375,pleated,0.012799754162476255,texture
2,layer4,487,airplane,0.012799254651700467,object
2,layer4,49,potholed,0.012786779226228714,texture
2,layer4,46,street-s,0.012755421183782652,scene
2,layer4,90,scaly,0.012711297908139569,texture
2,layer4,458,stratified,0.012693127849940705,texture
2,layer4,122,perforated,0.012670973095001007,texture
2,layer4,218,beach-s,0.012640713878148021,scene
2,layer4,335,striped,0.012609884446006645,texture
2,layer4,407,building_facade-s,0.012562299573935181,scene
2,layer4,274,auditorium-s,0.012448794469595615,scene
2,layer4,251,alley-s,0.012437339088112752,scene
2,layer4,238,highway-s,0.012436247700797057,scene
2,layer4,194,lighthouse-s,0.0123992667181782,scene
2,layer4,294,airplane,0.01239643322829512,object
2,layer4,257,white-c,0.01223526172198014,color
2,layer4,172,white-c,0.012223966727569766,color
2,layer4,321,bed,0.012209625230197,object
2,layer4,195,bed,0.012150447809264454,object
2,layer4,165,sidewalk,0.01208470793272019,object
2,layer4,124,honeycombed,0.012062600791823653,texture
2,layer4,286,waffled,0.012062453211134049,texture
2,layer4,422,bicycle,0.012000901223545473,object
2,layer4,5,mountain,0.011979955333828458,object
2,layer4,125,highway-s,0.011973849662901392,scene
2,layer4,349,head,0.011925676782379943,part
2,layer4,256,water,0.01189740979803961,object
2,layer4,232,body,0.011770185299111878,part
2,layer4,320,bathroom-s,0.011494134629873365,scene
2,layer4,16,street-s,0.01142444408126243,scene
2,layer4,488,perforated,0.011418118811032794,texture
2,layer4,187,street-s,0.011331183439611078,scene
2,layer4,154,wheel,0.011294040527442551,part
2,layer4,456,roof,0.011284772871956408,part
2,layer4,230,lighthouse-s,0.011233058264062472,scene
2,layer4,459,street-s,0.011190723638899724,scene
2,layer4,98,building,0.011173601607590187,object
2,layer4,269,bakery-shop-s,0.011151571571524507,scene
2,layer4,53,body,0.011101498855068637,part
2,layer4,142,chequered,0.01110004889629861,texture
2,layer4,30,pool table,0.01109003009087247,object
2,layer4,126,head,0.01106230095928859,part
2,layer4,469,mountain,0.011038890452468988,object
2,layer4,148,red-c,0.011012062229430164,color
2,layer4,92,airplane,0.0109823658119188,object
2,layer4,492,woven,0.010748029763613543,texture
2,layer4,392,airport_terminal-s,0.010610873746901934,scene
2,layer4,443,bed,0.010458221052488262,object
2,layer4,86,bed,0.010424506231701866,object
2,layer4,441,attic-s,0.010411825444726477,scene
2,layer4,56,body,0.010372644221393168,part
2,layer4,34,building_facade-s,0.010366317731623253,scene
2,layer4,289,head,0.01004816288800164,part
2,layer4,12,spiralled,0.009781519986716586,texture
2,layer4,311,stratified,0.009757816759239389,texture
2,layer4,52,screen,0.00966717597144726,part
2,layer4,442,head,0.00963327856046683,part
2,layer4,499,bar-s,0.009571970061332605,scene
2,layer4,510,kennel-indoor-s,0.009526230506943723,scene
2,layer4,401,park-s,0.009520792033989985,scene
2,layer4,404,head,0.009190071467466952,part
2,layer4,409,house,0.009030928093435926,object
2,layer4,426,bathroom-s,0.00901963637320449,scene
2,layer4,385,car,0.008754452798143054,object
2,layer4,23,airplane,0.00870435554406055,object
2,layer4,379,orange-c,0.008699150026895645,color
2,layer4,476,building_facade-s,0.008625766463551518,scene
2,layer4,145,car,0.00796726886610316,object
